<?xml version="1.0" encoding="UTF-8"?>
<addon id="plugin.video.domashniy.ru" version="1.1.0" name="Dомашний" provider-name="vl.maksime">
    <requires>
        <import addon="xbmc.python" version="2.19.0"/>
        <import addon="script.module.simplemedia"/>
        <import addon="script.module.api.videomore.ru"/>
        <import addon="script.module.inputstreamhelper"/>
    </requires>
    <extension point="xbmc.python.pluginsource" library="default.py">
        <provides>video</provides>
    </extension>
    <extension point="xbmc.addon.metadata">
        <summary lang="en_GB"></summary>
        <summary lang="ru_RU">Просмотр сереалов, шоу и передач, опубликованных на сайте телеканала "Домашний"</summary>
        <description lang="en_GB"></description>
        <description lang="ru_RU"></description>
        <disclaimer lang="en_GB"></disclaimer>
        <disclaimer lang="ru_RU"></disclaimer>
        <language>ru</language>
        <platform>all</platform>
        <license>GNU GENERAL PUBLIC LICENSE. Version 3, 29 June 2007</license>
        <forum>http://xbmc.ru/forum/showthread.php?t=</forum>
        <website>https://domashniy.ru</website>
        <email>vl.maksime@gmail.com</email>
        <source>https://github.com/vlmaksime/plugin.video.domashniy.ru</source>
        <news>v1.1.0 (2018-04-22)[CR]- Реализован запуск DRM видео</news>
        <assets>
            <icon>icon.png</icon>
            <fanart>fanart.jpg</fanart>
        </assets>
    </extension>
</addon>