<?xml version="1.0" encoding="UTF-8"?>
<addon id="script.module.api.videomore.ru" version="1.0.1" name="API videomore.ru" provider-name="vl.maksime">
    <requires>
        <import addon="xbmc.python" version="2.19.0"/>
        <import addon="script.module.requests"/>
    </requires>
    <extension point="xbmc.python.module" library="libs" />
    <extension point="xbmc.addon.metadata">
        <language></language>
        <platform>all</platform>
        <license>GNU GENERAL PUBLIC LICENSE. Version 3, 29 June 2007</license>
        <website>https://videomore.ru</website>
        <email>vl.maksime@gmail.com</email>
        <source>https://github.com/vlmaksime/script.module.api.videomore.ru</source>
    </extension>
</addon>