<?xml version="1.0" encoding="UTF-8"?>
<addon id="weather.gismeteo" version="0.3.4~beta" name="Gismeteo" provider-name="vl.maksime">
    <requires>
        <import addon="xbmc.python" version="2.19.0"/>
        <import addon="script.module.future"/>
        <import addon="script.module.simpleplugin3"/>
    </requires>
    <extension point="xbmc.python.weather" library="default.py"/>
    <extension point="xbmc.addon.metadata">
        <summary lang="en_GB">Gismeteo Weather Forecast. Real time weather and detailed forecast all round the world</summary>
        <summary lang="ru_RU">Прогноз погоды от ведущего погодного сервиса Gismeteo</summary>
        <description lang="en_GB">The weather is provided solely for personal non-commercial use</description>
        <description lang="ru_RU">Погода предоставлена исключительно для личного некоммерческого использования</description>
        <disclaimer lang="en_GB">The weather forecast has been prepared by MapMakers Group Ltd</disclaimer>
        <disclaimer lang="ru_RU">Прогноз погоды подготовлен НПЦ "Мэп Мейкер"</disclaimer>
        <language></language>
        <platform>all</platform>
        <license>GNU GENERAL PUBLIC LICENSE. Version 3, 29 June 2007</license>
        <forum>http://xbmc.ru/forum/showthread.php?t=14692</forum>
        <website>https://www.gismeteo.ru/</website>
        <email>vl.maksime@gmail.com</email>
        <source>https://github.com/vlmaksime/weather.gismeteo</source>
        <news>v0.3.3 (2017-04-07)[CR]- Исправлена ошибка разбора данных XML[CR][CR]v0.3.2 (2017-02-18)[CR]- Исправлена ошибка совместимости с Android и LibreELEC</news>
        <assets>
            <icon>icon.png</icon>
        </assets>
    </extension>
</addon>