<?xml version="1.0" encoding="UTF-8"?>
<addon id="plugin.video.ivi.client" version="1.1.1" name="IVI" provider-name="vl.maksime">
    <requires>
        <import addon="xbmc.python" version="2.19.0"/>
        <import addon="script.module.requests"/>
        <import addon="script.module.simplemedia" version="1.0.4"/>
        <import addon="script.module.inputstreamhelper"/>
    </requires>
    <extension point="xbmc.python.pluginsource" library="default.py">
        <provides>video</provides>
    </extension>
    <extension point="xbmc.addon.metadata">
        <summary lang="en_GB"></summary>
        <summary lang="ru_RU">Онлайн-кинотеатр ivi</summary>
        <description lang="en_GB"></description>
        <description lang="ru_RU">Смотрите ваши любимые фильмы и сериалы на большом экране вашего ТВ.[CR]Доступ к огромному каталогу фильмов и сериалов для бесплатного просмотра в один клик.[CR]Смотрите в HD качестве на большом экране вашего телевизора.</description>
        <disclaimer lang="en_GB"></disclaimer>
        <disclaimer lang="ru_RU">Самая большая в России легальная фильмотека</disclaimer>
        <language>ru</language>
        <platform>all</platform>
        <license>GNU GENERAL PUBLIC LICENSE. Version 3, 29 June 2007</license>
        <forum>http://xbmc.ru/forum/showthread.php?t=15328</forum>
        <website>https://www.ivi.ru/</website>
        <email>vl.maksime@gmail.com</email>
        <source>https://github.com/vlmaksime/plugin.video.ivi.client</source>
        <news>v1.1.1 (2018-10-21)[CR]- Исправлены выявленные ошибки[CR][CR]v1.1.0 (2018-08-27)[CR]- Добавлена поддержка Widevine CDM[CR]- Добавлена авторизация пользователя[CR]- Добавлена поддержка дополнения "Add to Lib"[CR][CR]v1.0.0 (2018-06-09)[CR]- Публичный релиз</news>
        <assets>
            <icon>icon.png</icon>
        </assets>
    </extension>
</addon>