<?xml version="1.0" encoding="UTF-8"?>
<addon id="plugin.video.tvzavr.ru" version="1.1.0" name="TVZavr" provider-name="vl.maksime">
    <requires>
        <import addon="xbmc.python" version="2.19.0"/>
        <import addon="script.module.m3u8" version="0.2.10"/>
        <import addon="script.module.simplemedia" version="1.2.0"/>
    </requires>
    <extension point="xbmc.python.pluginsource" library="default.py">
        <provides>video</provides>
    </extension>
    <extension point="xbmc.addon.metadata">
        <summary lang="ru">TVzavr.ru — международный интернет-кинотеатр, который появился на рынке в 2010 году.</summary>
        <description lang="ru">Интернет-кинотеатр tvzavr - легальный просмотр фильмов, сериалов и мультфильмов на любой вкус в HD и Full HD качестве.</description>
        <disclaimer lang="ru">Онлайн-кинотеатр TVzavr.ru</disclaimer>
        <language>ru</language>
        <platform>all</platform>
        <license>GNU GENERAL PUBLIC LICENSE. Version 3, 29 June 2007</license>
        <forum>http://xbmc.ru/forum/showthread.php?t=14182</forum>
        <website>http://www.tvzavr.ru/</website>
        <email>vl.maksime@gmail.com</email>
        <source>https://github.com/vlmaksime/plugin.video.tvzavr.ru</source>
        <news>v1.1.0 (2019-08-01)[CR]- Добавлена возможность авторизации по коду устройства[CR]- Обновлены логотип и фанарт[CR]- Добавлен раздел "Просмотренно". Реализовано заполнение раздела просмотренным контентом[CR]- Реализована синхронизация времени просмотра из Kodi в сервисе[CR]- Добавлено контекстное меню для управляения разделами "Избранное", "Просмотренное", "Поиск"[CR]- Мелкие исправления и оптимизация[CR][CR]v1.0.0 (2019-07-13)[CR]- Дополнение переделано на использование модуля SimpleMedia[CR]- Исправлены ошибки работы с API ресурса[CR]- Дополнена информация в карточке контента[CR]- Реализована совместимость с python 3.6 (Kodi 19+)</news>
        <assets>
            <icon>icon.png</icon>
            <fanart>fanart.jpg</fanart>
            <clearlogo>resources\media\clearlogo.png</clearlogo>
            <screenshot>resources\media\screenshot-01.jpg</screenshot>
            <screenshot>resources\media\screenshot-02.jpg</screenshot>
            <screenshot>resources\media\screenshot-03.jpg</screenshot>
        </assets>
    </extension>
</addon>
