<?xml version="1.0" encoding="UTF-8"?>
<addon id="script.module.simpleplugin3"
   name="SimplePlugin 3"
   version="3.0.0~beta10"
   provider-name="Roman V.M.">
  <requires>
    <import addon="xbmc.python" version="2.19.0"/>
    <import addon="script.module.future" version="0.16.0.4"/>
  </requires>
  <extension point="xbmc.python.module" library="libs" />
  <extension point="xbmc.addon.metadata">
    <platform>all</platform>
    <summary lang="en_GB">SimplePlugin micro-framework</summary>
    <description lang="en_GB">SimplePlugin micro-framework that simplifies Kodi content plugin programming.</description>
    <license>GNU GPL v.3</license>
    <forum></forum>
    <website>http://romanvm.github.io/script.module.simpleplugin</website>
    <email>roman1972@gmail.com</email>
    <source>https://github.com/romanvm/script.module.simpleplugin</source>
  </extension>
</addon>
