﻿<?xml version="1.0" encoding="UTF-8"?>
<addon id="plugin.video.tvzavr.ru" version="0.1.7" name="TVzavr.ru" provider-name="vl.maksime">
    <requires>
        <import addon="xbmc.python" version="2.1.0"/>
        <import addon="script.module.m3u8" version="0.2.10"/>
        <import addon="script.module.requests" version="2.12.4"/>
    </requires>
    <extension point="xbmc.python.pluginsource" library="default.py">
        <provides>video</provides>
    </extension>
    <extension point="xbmc.addon.metadata">
        <summary lang="en">TVzavr.ru - International online cinema, which appeared on the market in 2010.</summary>
        <summary lang="ru">TVzavr.ru — международный интернет-кинотеатр, который появился на рынке в 2010 году.</summary>
        <description lang="en">TVzavr.ru - International online cinema, which appeared on the market in 2010. The purpose of the project - to give every viewer the opportunity to create their own world of entertainment and leisure activities. The online collection contains the best cinema movies, series and cartoons from the Soviet film distribution tapes to the new products.</description>
        <description lang="ru">TVzavr.ru — международный интернет-кинотеатр, который появился на рынке в 2010 году. Цель проекта – предоставить каждому зрителю возможность создать свой собственный мир развлечений и досуга. В коллекции интернет-кинотеатра собраны лучшие фильмы, сериалы и мультфильмы, от советских лент до новинок кинопроката.</description>
        <disclaimer lang="en">Online cinema TVzavr.ru</disclaimer>
        <disclaimer lang="ru">Онлайн-кинотеатр TVzavr.ru</disclaimer>
        <language>ru</language>
        <platform>all</platform>
        <license>GNU GENERAL PUBLIC LICENSE. Version 3, 29 June 2007</license>
        <forum>http://xbmc.ru/forum/showthread.php?t=14182</forum>
        <website>http://www.tvzavr.ru/</website>
        <email>vl.maksime@gmail.com</email>
        <source>https://github.com/vlmaksime/plugin.video.tvzavr.ru</source>
        <news>v0.1.7 (2017-03-12)[CR]- Удалена поддержка дополнения 'Unified Search Lite'[CR]- Добавлена поддержка дополнения 'United Search'</news>
        <assets>
            <icon>icon.png</icon>
            <fanart>fanart.jpg</fanart>
            <screenshot>resources\media\screenshot-01.jpg</screenshot>
            <screenshot>resources\media\screenshot-02.jpg</screenshot>
            <screenshot>resources\media\screenshot-03.jpg</screenshot>
        </assets>
    </extension>
</addon>
